{
    "1920x1080": {
        "scale_factor": 0.22073697181793003,
        "img_offset": [
            0.3861538882181321,
            22.94126252952111
        ]
    },
    "800x480": {
        "scale_factor": 0.09895657243612313,
        "img_offset": [
            0.44703757873952554,
            -0.7727676511026118
        ]
    }
}